{"cameraMode":{"drawMode":0,"name":"Shaded","section":"Shading Mode"},"sceneLighting":true,"audioPlay":false,"sceneViewState":{"showFog":true,"showMaterialUpdate":false,"showSkybox":true,"showFlares":true,"showImageEffects":true,"showParticleSystems":true},"in2DMode":false,"pivot":{"x":280.16094970703127,"y":312.36529541015627,"z":-29.955413818359376},"rotation":{"x":0.08936268836259842,"y":0.13434842228889466,"z":-0.012165996246039868,"w":0.9868214130401611},"size":114.85865783691406,"orthographic":false}