{"cameraMode":{"drawMode":0,"name":"Shaded","section":"Shading Mode"},"sceneLighting":true,"audioPlay":false,"sceneViewState":{"showFog":true,"showMaterialUpdate":false,"showSkybox":true,"showFlares":true,"showImageEffects":true,"showParticleSystems":true},"in2DMode":false,"pivot":{"x":112.4703140258789,"y":426.0177001953125,"z":0.0},"rotation":{"x":0.08936268836259842,"y":0.13434842228889466,"z":-0.012165996246039868,"w":0.9868214130401611},"size":103.8614501953125,"orthographic":false}